{
    "accuracy": 0.9021739130434783,
    "precision": 0.8888888888888888,
    "recall": 0.9411764705882353,
    "auc": 0.9354973696795791
}